"Epic","Feature","Story","FAILED","BROKEN","PASSED","SKIPPED","UNKNOWN"
"Album API Tests","Album Put/Delete Feature","Delete album by id","0","0","1","0","0"
"Photo API Tests","Photo Feature","Get photos by album id","0","0","1","0","0"
"","","","0","0","2","0","0"
"Album API Tests","Album Feature","Get albums by user id","0","0","1","0","0"
"Album API Tests","Album Feature","Create album","0","0","1","0","0"
"Todo API Tests","Todo Put/Delete Feature","Update Todo Story","0","0","1","0","0"
"User API Tests","Get All Posts Feature","Get All Posts Story","0","0","1","0","0"
"Photo API Tests","Photo Feature","Create photo","0","0","1","0","0"
"Album API Tests","Album Feature","Get album by id","0","0","1","0","0"
"Album API Tests","Album Put/Delete Feature","Update album by id","0","0","1","0","0"
"Photo API Tests","Photo Put/Delete Feature","Update photo by id","0","0","1","0","0"
"Todo API Tests","Todo Feature","Get todo by id","0","0","1","0","0"
"Todo API Tests","Todo Put/Delete Feature","POST todo","0","0","1","0","0"
"User API Tests","Get Comments by Post Feature","Get Comments by Post Story","0","0","1","0","0"
"Photo API Tests","Photo Put/Delete Feature","Delete photo by id","0","0","1","0","0"
"Todo API Tests","Todo Feature","Get todos by user id","0","0","1","0","0"
"Photo API Tests","Photo Feature","Get photo by id","0","0","1","0","0"
"User API Tests","Get User by ID Feature","Get User by ID Story","0","0","1","0","0"
"User API Tests","Update Post Feature","Update Post Story","0","0","1","0","0"
"Todo API Tests","Todo Put/Delete Feature","Delete todo by id","0","0","1","0","0"
"User API Tests","Get Comments by Post Feature","Get Comments by Post Path Story","0","0","1","0","0"
"User API Tests","Post Creation Feature","Post Random Post Story","0","0","1","0","0"
"User API Tests","Get User by ID Feature","Validate User Schema Story","0","0","1","0","0"
"Todo API Tests","Todo Feature","Create todo","0","0","1","0","0"
"Comment API Tests","Delete Comment Feature","Delete Comment Story","0","0","1","0","0"
